negative_words,positive_words
faced,abound
faces,abounds
abnormal,abundance
abolish,abundant
abominable,accessable
abominably,accessible
abominate,acclaim
abomination,acclaimed
abort,acclamation
aborted,accolade
aborts,accolades
abrade,accommodative
abrasive,accomodative
abrupt,accomplish
abruptly,accomplished
abscond,accomplishment
absence,accomplishments
absent-minded,accurate
absentee,accurately
absurd,achievable
absurdity,achievement
absurdly,achievements
absurdness,achievible
abuse,acumen
abused,adaptable
abuses,adaptive
abusive,adequate
abysmal,adjustable
abysmally,admirable
abyss,admirably
accidental,admiration
accost,admire
accursed,admirer
accusation,admiring
accusations,admiringly
accuse,adorable
accuses,adore
accusing,adored
accusingly,adorer
acerbate,adoring
acerbic,adoringly
acerbically,adroit
ache,adroitly
ached,adulate
aches,adulation
achey,adulatory
aching,advanced
acrid,advantage
acridly,advantageous
acridness,advantageously
acrimonious,advantages
acrimoniously,adventuresome
acrimony,adventurous
adamant,advocate
adamantly,advocated
addict,advocates
addicted,affability
addicting,affable
addicts,affably
admonish,affectation
admonisher,affection
admonishingly,affectionate
admonishment,affinity
admonition,affirm
adulterate,affirmation
adulterated,affirmative
adulteration,affluence
adulterier,affluent
adversarial,afford
adversary,affordable
adverse,affordably
adversity,afordable
afflict,agile
affliction,agilely
afflictive,agility
affront,agreeable
afraid,agreeableness
aggravate,agreeably
aggravating,all-around
aggravation,alluring
aggression,alluringly
aggressive,altruistic
aggressiveness,altruistically
aggressor,amaze
aggrieve,amazed
aggrieved,amazement
aggrivation,amazes
aghast,amazing
agonies,amazingly
agonize,ambitious
agonizing,ambitiously
agonizingly,ameliorate
agony,amenable
aground,amenity
ail,amiability
ailing,amiabily
ailment,amiable
aimless,amicability
alarm,amicable
alarmed,amicably
alarming,amity
alarmingly,ample
alienate,amply
alienated,amuse
alienation,amusing
allegation,amusingly
allegations,angel
allege,angelic
allergic,apotheosis
allergies,appeal
allergy,appealing
aloof,applaud
altercation,appreciable
ambiguity,appreciate
ambiguous,appreciated
ambivalence,appreciates
ambivalent,appreciative
ambush,appreciatively
amiss,appropriate
amputate,approval
anarchism,approve
anarchist,ardent
anarchistic,ardently
anarchy,ardor
anemic,articulate
anger,aspiration
angrily,aspirations
angriness,aspire
angry,assurance
anguish,assurances
animosity,assure
annihilate,assuredly
annihilation,assuring
annoy,astonish
annoyance,astonished
annoyances,astonishing
annoyed,astonishingly
annoying,astonishment
annoyingly,astound
annoys,astounded
anomalous,astounding
anomaly,astoundingly
antagonism,astutely
antagonist,attentive
antagonistic,attraction
antagonize,attractive
anti-,attractively
anti-american,attune
anti-israeli,audible
anti-occupation,audibly
anti-proliferation,auspicious
anti-semites,authentic
anti-social,authoritative
anti-us,autonomous
anti-white,available
antipathy,aver
antiquated,avid
antithetical,avidly
anxieties,award
anxiety,awarded
anxious,awards
anxiously,awe
anxiousness,awed
apathetic,awesome
apathetically,awesomely
apathy,awesomeness
apocalypse,awestruck
apocalyptic,awsome
apologist,backbone
apologists,balanced
appal,bargain
appall,beauteous
appalled,beautiful
appalling,beautifullly
appallingly,beautifully
apprehension,beautify
apprehensions,beauty
apprehensive,beckon
apprehensively,beckoned
arbitrary,beckoning
arcane,beckons
archaic,believable
arduous,believeable
arduously,beloved
argumentative,benefactor
arrogance,beneficent
arrogant,beneficial
arrogantly,beneficially
ashamed,beneficiary
asinine,benefit
asininely,benefits
asinininity,benevolence
askance,benevolent
asperse,benifits
aspersion,best
aspersions,best-known
assail,best-performing
assassin,best-selling
assassinate,better
assault,better-known
assult,better-than-expected
astray,beutifully
asunder,blameless
atrocious,bless
atrocities,blessing
atrocity,bliss
atrophy,blissful
attack,blissfully
attacks,blithe
audacious,blockbuster
audaciously,bloom
audaciousness,blossom
audacity,bolster
audiciously,bonny
austere,bonus
authoritarian,bonuses
autocrat,boom
autocratic,booming
avalanche,boost
avarice,boundless
avaricious,bountiful
avariciously,brainiest
avenge,brainy
averse,brand-new
aversion,brave
aweful,bravery
awful,bravo
awfully,breakthrough
awfulness,breakthroughs
awkward,breathlessness
awkwardness,breathtaking
ax,breathtakingly
babble,breeze
back-logged,bright
back-wood,brighten
back-woods,brighter
backache,brightest
backaches,brilliance
backaching,brilliances
backbite,brilliant
backbiting,brilliantly
backward,brisk
backwardness,brotherly
backwood,bullish
backwoods,buoyant
bad,cajole
badly,calm
baffle,calming
baffled,calmness
bafflement,capability
baffling,capable
bait,capably
balk,captivate
banal,captivating
banalize,carefree
bane,cashback
banish,cashbacks
banishment,catchy
bankrupt,celebrate
barbarian,celebrated
barbaric,celebration
barbarically,celebratory
barbarity,champ
barbarous,champion
barbarously,charisma
barren,charismatic
baseless,charitable
bash,charm
bashed,charming
bashful,charmingly
bashing,chaste
bastard,cheaper
bastards,cheapest
battered,cheer
battering,cheerful
batty,cheery
bearish,cherish
beastly,cherished
bedlam,cherub
bedlamite,chic
befoul,chivalrous
beg,chivalry
beggar,civility
beggarly,civilize
begging,clarity
beguile,classic
belabor,classy
belated,clean
beleaguer,cleaner
belie,cleanest
belittle,cleanliness
belittled,cleanly
belittling,clear
bellicose,clear-cut
belligerence,cleared
belligerent,clearer
belligerently,clearly
bemoan,clears
bemoaning,clever
bemused,cleverly
bent,cohere
berate,coherence
bereave,coherent
bereavement,cohesive
bereft,colorful
berserk,comely
beseech,comfort
beset,comfortable
besiege,comfortably
besmirch,comforting
bestial,comfy
betray,commend
betrayal,commendable
betrayals,commendably
betrayer,commitment
betraying,commodious
betrays,compact
bewail,compactly
beware,compassion
bewilder,compassionate
bewildered,compatible
bewildering,competitive
bewilderingly,complement
bewilderment,complementary
bewitch,complemented
bias,complements
biased,compliant
biases,compliment
bicker,complimentary
bickering,comprehensive
bid-rigging,conciliate
bigotries,conciliatory
bigotry,concise
bitch,confidence
bitchy,confident
biting,congenial
bitingly,congratulate
bitter,congratulation
bitterly,congratulations
bitterness,congratulatory
bizarre,conscientious
blab,considerate
blabber,consistent
blackmail,consistently
blah,constructive
blame,consummate
blameworthy,contentment
bland,continuity
blandish,contrasty
blaspheme,contribution
blasphemous,convenience
blasphemy,convenient
blasted,conveniently
blatant,convience
blatantly,convienient
blather,convient
bleak,convincing
bleakly,convincingly
bleakness,cool
bleed,coolest
bleeding,cooperative
bleeds,cooperatively
blemish,cornerstone
blind,correct
blinding,correctly
blindingly,cost-effective
blindside,cost-saving
blister,counter-attack
blistering,counter-attacks
bloated,courage
blockage,courageous
blockhead,courageously
bloodshed,courageousness
bloodthirsty,courteous
bloody,courtly
blotchy,covenant
blow,cozy
blunder,creative
blundering,credence
blunders,credible
blunt,crisp
blur,crisper
bluring,cure
blurred,cure-all
blurring,cushy
blurry,cute
blurs,cuteness
blurt,danke
boastful,danken
boggle,daring
bogus,daringly
boil,darling
boiling,dashing
boisterous,dauntless
bomb,dawn
bombard,dazzle
bombardment,dazzled
bombastic,dazzling
bondage,dead-cheap
bonkers,dead-on
bore,decency
bored,decent
boredom,decisive
bores,decisiveness
boring,dedicated
botch,defeat
bother,defeated
bothered,defeating
bothering,defeats
bothers,defender
bothersome,deference
bowdlerize,deft
boycott,deginified
braggart,delectable
bragger,delicacy
brainless,delicate
brainwash,delicious
brash,delight
brashly,delighted
brashness,delightful
brat,delightfully
bravado,delightfulness
brazen,dependable
brazenly,dependably
brazenness,deservedly
breach,deserving
break,desirable
break-up,desiring
break-ups,desirous
breakdown,destiny
breaking,detachable
breaks,devout
breakup,dexterous
breakups,dexterously
bribery,dextrous
brimstone,dignified
bristle,dignify
brittle,dignity
broke,diligence
broken,diligent
broken-hearted,diligently
brood,diplomatic
browbeat,dirt-cheap
bruise,distinction
bruised,distinctive
bruises,distinguished
bruising,diversified
brusque,divine
brutal,divinely
brutalising,dominate
brutalities,dominated
brutality,dominates
brutalize,dote
brutalizing,dotingly
brutally,doubtless
brute,dreamland
brutish,dumbfounded
bs,dumbfounding
buckle,dummy-proof
bug,durable
bugging,dynamic
buggy,eager
bugs,eagerly
bulkier,eagerness
bulkiness,earnest
bulky,earnestly
bulkyness,earnestness
bull****,ease
bull----,eased
bullies,eases
bullshit,easier
bullshyt,easiest
bully,easiness
bullying,easing
bullyingly,easy
bum,easy-to-use
bump,easygoing
bumped,ebullience
bumping,ebullient
bumpping,ebulliently
bumps,ecenomical
bumpy,economical
bungle,ecstasies
bungler,ecstasy
bungling,ecstatic
bunk,ecstatically
burden,edify
burdensome,educated
burdensomely,effective
burn,effectively
burned,effectiveness
burning,effectual
burns,efficacious
bust,efficient
busts,efficiently
busybody,effortless
butcher,effortlessly
butchery,effusion
buzzing,effusive
byzantine,effusively
cackle,effusiveness
calamities,elan
calamitous,elate
calamitously,elated
calamity,elatedly
callous,elation
calumniate,electrify
calumniation,elegance
calumnies,elegant
calumnious,elegantly
calumniously,elevate
calumny,elite
cancer,eloquence
cancerous,eloquent
cannibal,eloquently
cannibalize,embolden
capitulate,eminence
capricious,eminent
capriciously,empathize
capriciousness,empathy
capsize,empower
careless,empowerment
carelessness,enchant
caricature,enchanted
carnage,enchanting
carp,enchantingly
cartoonish,encourage
cash-strapped,encouragement
castigate,encouraging
castrated,encouragingly
casualty,endear
cataclysm,endearing
cataclysmal,endorse
cataclysmic,endorsed
cataclysmically,endorsement
catastrophe,endorses
catastrophes,endorsing
catastrophic,energetic
catastrophically,energize
catastrophies,energy-efficient
caustic,energy-saving
caustically,engaging
cautionary,engrossing
cave,enhance
censure,enhanced
chafe,enhancement
chaff,enhances
chagrin,enjoy
challenging,enjoyable
chaos,enjoyably
chaotic,enjoyed
chasten,enjoying
chastise,enjoyment
chastisement,enjoys
chatter,enlighten
chatterbox,enlightenment
cheap,enliven
cheapen,ennoble
cheaply,enough
cheat,enrapt
cheated,enrapture
cheater,enraptured
cheating,enrich
cheats,enrichment
checkered,enterprising
cheerless,entertain
cheesy,entertaining
chide,entertains
childish,enthral
chill,enthrall
chilly,enthralled
chintzy,enthuse
choke,enthusiasm
choleric,enthusiast
choppy,enthusiastic
chore,enthusiastically
chronic,entice
chunky,enticed
clamor,enticing
clamorous,enticingly
clash,entranced
cliche,entrancing
cliched,entrust
clique,enviable
clog,enviably
clogged,envious
clogs,enviously
cloud,enviousness
clouding,envy
cloudy,equitable
clueless,ergonomical
clumsy,err-free
clunky,erudite
coarse,ethical
cocky,eulogize
coerce,euphoria
coercion,euphoric
coercive,euphorically
cold,evaluative
coldly,evenly
collapse,eventful
collude,everlasting
collusion,evocative
combative,exalt
combust,exaltation
comical,exalted
commiserate,exaltedly
commonplace,exalting
commotion,exaltingly
commotions,examplar
complacent,examplary
complain,excallent
complained,exceed
complaining,exceeded
complains,exceeding
complaint,exceedingly
complaints,exceeds
complex,excel
complicated,exceled
complication,excelent
complicit,excellant
compulsion,excelled
compulsive,excellence
concede,excellency
conceded,excellent
conceit,excellently
conceited,excels
concen,exceptional
concens,exceptionally
concern,excite
concerned,excited
concerns,excitedly
concession,excitedness
concessions,excitement
condemn,excites
condemnable,exciting
condemnation,excitingly
condemned,exellent
condemns,exemplar
condescend,exemplary
condescending,exhilarate
condescendingly,exhilarating
condescension,exhilaratingly
confess,exhilaration
confession,exonerate
confessions,expansive
confined,expeditiously
conflict,expertly
conflicted,exquisite
conflicting,exquisitely
conflicts,extol
confound,extoll
confounded,extraordinarily
confounding,extraordinary
confront,exuberance
confrontation,exuberant
confrontational,exuberantly
confuse,exult
confused,exultant
confuses,exultation
confusing,exultingly
confusion,eye-catch
confusions,eye-catching
congested,eyecatch
congestion,eyecatching
cons,fabulous
conscons,fabulously
conservative,facilitate
conspicuous,fair
conspicuously,fairly
conspiracies,fairness
conspiracy,faith
conspirator,faithful
conspiratorial,faithfully
conspire,faithfulness
consternation,fame
contagious,famed
contaminate,famous
contaminated,famously
contaminates,fancier
contaminating,fancinating
contamination,fancy
contempt,fanfare
contemptible,fans
contemptuous,fantastic
contemptuously,fantastically
contend,fascinate
contention,fascinating
contentious,fascinatingly
contort,fascination
contortions,fashionable
contradict,fashionably
contradiction,fast
contradictory,fast-growing
contrariness,fast-paced
contravene,faster
contrive,fastest
contrived,fastest-growing
controversial,faultless
controversy,fav
convoluted,fave
corrode,favor
corrosion,favorable
corrosions,favored
corrosive,favorite
corrupt,favorited
corrupted,favour
corrupting,fearless
corruption,fearlessly
corrupts,feasible
corruptted,feasibly
costlier,feat
costly,feature-rich
counter-productive,fecilitous
counterproductive,feisty
coupists,felicitate
covetous,felicitous
coward,felicity
cowardly,fertile
crabby,fervent
crack,fervently
cracked,fervid
cracks,fervidly
craftily,fervor
craftly,festive
crafty,fidelity
cramp,fiery
cramped,fine
cramping,fine-looking
cranky,finely
crap,finer
crappy,finest
craps,firmer
crash,first-class
crashed,first-in-class
crashes,first-rate
crashing,flashy
crass,flatter
craven,flattering
cravenly,flatteringly
craze,flawless
crazily,flawlessly
craziness,flexibility
crazy,flexible
creak,flourish
creaking,flourishing
creaks,fluent
credulous,flutter
creep,fond
creeping,fondly
creeps,fondness
creepy,foolproof
crept,foremost
crime,foresight
criminal,formidable
cringe,fortitude
cringed,fortuitous
cringes,fortuitously
cripple,fortunate
crippled,fortunately
cripples,fortune
crippling,fragrant
crisis,free
critic,freed
critical,freedom
criticism,freedoms
criticisms,fresh
criticize,fresher
criticized,freshest
criticizing,friendliness
critics,friendly
cronyism,frolic
crook,frugal
crooked,fruitful
crooks,ftw
crowded,fulfillment
crowdedness,fun
crude,futurestic
cruel,futuristic
crueler,gaiety
cruelest,gaily
cruelly,gain
cruelness,gained
cruelties,gainful
cruelty,gainfully
crumble,gaining
crumbling,gains
crummy,gallant
crumple,gallantly
crumpled,galore
crumples,geekier
crush,geeky
crushed,gem
crushing,gems
cry,generosity
culpable,generous
culprit,generously
cumbersome,genial
cunt,genius
cunts,gentle
cuplrit,gentlest
curse,genuine
cursed,gifted
curses,glad
curt,gladden
cuss,gladly
cussed,gladness
cutthroat,glamorous
cynical,glee
cynicism,gleeful
d*mn,gleefully
damage,glimmer
damaged,glimmering
damages,glisten
damaging,glistening
damn,glitter
damnable,glitz
damnably,glorify
damnation,glorious
damned,gloriously
damning,glory
damper,glow
danger,glowing
dangerous,glowingly
dangerousness,god-given
dark,god-send
darken,godlike
darkened,godsend
darker,gold
darkness,golden
dastard,good
dastardly,goodly
daunt,goodness
daunting,goodwill
dauntingly,goood
dawdle,gooood
daze,gorgeous
dazed,gorgeously
dead,grace
deadbeat,graceful
deadlock,gracefully
deadly,gracious
deadweight,graciously
deaf,graciousness
dearth,grand
death,grandeur
debacle,grateful
debase,gratefully
debasement,gratification
debaser,gratified
debatable,gratifies
debauch,gratify
debaucher,gratifying
debauchery,gratifyingly
debilitate,gratitude
debilitating,great
debility,greatest
debt,greatness
debts,grin
decadence,groundbreaking
decadent,guarantee
decay,guidance
decayed,guiltless
deceit,gumption
deceitful,gush
deceitfully,gusto
deceitfulness,gutsy
deceive,hail
deceiver,halcyon
deceivers,hale
deceiving,hallmark
deception,hallmarks
deceptive,hallowed
deceptively,handier
declaim,handily
decline,hands-down
declines,handsome
declining,handsomely
decrement,handy
decrepit,happier
decrepitude,happily
decry,happiness
defamation,happy
defamations,hard-working
defamatory,hardier
defame,hardy
defect,harmless
defective,harmonious
defects,harmoniously
defensive,harmonize
defiance,harmony
defiant,headway
defiantly,heal
deficiencies,healthful
deficiency,healthy
deficient,hearten
defile,heartening
defiler,heartfelt
deform,heartily
deformed,heartwarming
defrauding,heaven
defunct,heavenly
defy,helped
degenerate,helpful
degenerately,helping
degeneration,hero
degradation,heroic
degrade,heroically
degrading,heroine
degradingly,heroize
dehumanization,heros
dehumanize,high-quality
deign,high-spirited
deject,hilarious
dejected,holy
dejectedly,homage
dejection,honest
delay,honesty
delayed,honor
delaying,honorable
delays,honored
delinquency,honoring
delinquent,hooray
delirious,hopeful
delirium,hospitable
delude,hot
deluded,hotcake
deluge,hotcakes
delusion,hottest
delusional,hug
delusions,humane
demean,humble
demeaning,humility
demise,humor
demolish,humorous
demolisher,humorously
demon,humour
demonic,humourous
demonize,ideal
demonized,idealize
demonizes,ideally
demonizing,idol
demoralize,idolize
demoralizing,idolized
demoralizingly,idyllic
denial,illuminate
denied,illuminati
denies,illuminating
denigrate,illumine
denounce,illustrious
dense,ilu
dent,imaculate
dented,imaginative
dents,immaculate
denunciate,immaculately
denunciation,immense
denunciations,impartial
deny,impartiality
denying,impartially
deplete,impassioned
deplorable,impeccable
deplorably,impeccably
deplore,important
deploring,impress
deploringly,impressed
deprave,impresses
depraved,impressive
depravedly,impressively
deprecate,impressiveness
depress,improve
depressed,improved
depressing,improvement
depressingly,improvements
depression,improves
depressions,improving
deprive,incredible
deprived,incredibly
deride,indebted
derision,individualized
derisive,indulgence
derisively,indulgent
derisiveness,industrious
derogatory,inestimable
desecrate,inestimably
desert,inexpensive
desertion,infallibility
desiccate,infallible
desiccated,infallibly
desititute,influential
desolate,ingenious
desolately,ingeniously
desolation,ingenuity
despair,ingenuous
despairing,ingenuously
despairingly,innocuous
desperate,innovation
desperately,innovative
desperation,inpressed
despicable,insightful
despicably,insightfully
despise,inspiration
despised,inspirational
despoil,inspire
despoiler,inspiring
despondence,instantly
despondency,instructive
despondent,instrumental
despondently,integral
despot,integrated
despotic,intelligence
despotism,intelligent
destabilisation,intelligible
destains,interesting
destitute,interests
destitution,intimacy
destroy,intimate
destroyer,intricate
destruction,intrigue
destructive,intriguing
desultory,intriguingly
deter,intuitive
deteriorate,invaluable
deteriorating,invaluablely
deterioration,inventive
deterrent,invigorate
detest,invigorating
detestable,invincibility
detestably,invincible
detested,inviolable
detesting,inviolate
detests,invulnerable
detract,irreplaceable
detracted,irreproachable
detracting,irresistible
detraction,irresistibly
detracts,issue-free
detriment,jaw-droping
detrimental,jaw-dropping
devastate,jollify
devastated,jolly
devastates,jovial
devastating,joy
devastatingly,joyful
devastation,joyfully
deviate,joyous
deviation,joyously
devil,jubilant
devilish,jubilantly
devilishly,jubilate
devilment,jubilation
devilry,jubiliant
devious,judicious
deviously,justly
deviousness,keen
devoid,keenly
diabolic,keenness
diabolical,kid-friendly
diabolically,kindliness
diametrically,kindly
diappointed,kindness
diatribe,knowledgeable
diatribes,kudos
dick,large-capacity
dictator,laud
dictatorial,laudable
die,laudably
die-hard,lavish
died,lavishly
dies,law-abiding
difficult,lawful
difficulties,lawfully
difficulty,lead
diffidence,leading
dilapidated,leads
dilemma,lean
dilly-dally,led
dim,legendary
dimmer,leverage
din,levity
ding,liberate
dings,liberation
dinky,liberty
dire,lifesaver
direly,light-hearted
direness,lighter
dirt,likable
dirtbag,like
dirtbags,liked
dirts,likes
dirty,liking
disable,lionhearted
disabled,lively
disaccord,logical
disadvantage,long-lasting
disadvantaged,lovable
disadvantageous,lovably
disadvantages,love
disaffect,loved
disaffected,loveliness
disaffirm,lovely
disagree,lover
disagreeable,loves
disagreeably,loving
disagreed,low-cost
disagreeing,low-price
disagreement,low-priced
disagrees,low-risk
disallow,lower-priced
disapointed,loyal
disapointing,loyalty
disapointment,lucid
disappoint,lucidly
disappointed,luck
disappointing,luckier
disappointingly,luckiest
disappointment,luckiness
disappointments,lucky
disappoints,lucrative
disapprobation,luminous
disapproval,lush
disapprove,luster
disapproving,lustrous
disarm,luxuriant
disarray,luxuriate
disaster,luxurious
disasterous,luxuriously
disastrous,luxury
disastrously,lyrical
disavow,magic
disavowal,magical
disbelief,magnanimous
disbelieve,magnanimously
disbeliever,magnificence
disclaim,magnificent
discombobulate,magnificently
discomfit,majestic
discomfititure,majesty
discomfort,manageable
discompose,maneuverable
disconcert,marvel
disconcerted,marveled
disconcerting,marvelled
disconcertingly,marvellous
disconsolate,marvelous
disconsolately,marvelously
disconsolation,marvelousness
discontent,marvels
discontented,master
discontentedly,masterful
discontinued,masterfully
discontinuity,masterpiece
discontinuous,masterpieces
discord,masters
discordance,mastery
discordant,matchless
discountenance,mature
discourage,maturely
discouragement,maturity
discouraging,meaningful
discouragingly,memorable
discourteous,merciful
discourteously,mercifully
discoutinous,mercy
discredit,merit
discrepant,meritorious
discriminate,merrily
discrimination,merriment
discriminatory,merriness
disdain,merry
disdained,mesmerize
disdainful,mesmerized
disdainfully,mesmerizes
disfavor,mesmerizing
disgrace,mesmerizingly
disgraced,meticulous
disgraceful,meticulously
disgracefully,mightily
disgruntle,mighty
disgruntled,mind-blowing
disgust,miracle
disgusted,miracles
disgustedly,miraculous
disgustful,miraculously
disgustfully,miraculousness
disgusting,modern
disgustingly,modest
dishearten,modesty
disheartening,momentous
dishearteningly,monumental
dishonest,monumentally
dishonestly,morality
dishonesty,motivated
dishonor,multi-purpose
dishonorable,navigable
dishonorablely,neat
disillusion,neatest
disillusioned,neatly
disillusionment,nice
disillusions,nicely
disinclination,nicer
disinclined,nicest
disingenuous,nifty
disingenuously,nimble
disintegrate,noble
disintegrated,nobly
disintegrates,noiseless
disintegration,non-violence
disinterest,non-violent
disinterested,notably
dislike,noteworthy
disliked,nourish
dislikes,nourishing
disliking,nourishment
dislocated,novelty
disloyal,nurturing
disloyalty,oasis
dismal,obsession
dismally,obsessions
dismalness,obtainable
dismay,openly
dismayed,openness
dismaying,optimal
dismayingly,optimism
dismissive,optimistic
dismissively,opulent
disobedience,orderly
disobedient,originality
disobey,outdo
disoobedient,outdone
disorder,outperform
disordered,outperformed
disorderly,outperforming
disorganized,outperforms
disorient,outshine
disoriented,outshone
disown,outsmart
disparage,outstanding
disparaging,outstandingly
disparagingly,outstrip
dispensable,outwit
dispirit,ovation
dispirited,overjoyed
dispiritedly,overtake
dispiriting,overtaken
displace,overtakes
displaced,overtaking
displease,overtook
displeased,overture
displeasing,pain-free
displeasure,painless
disproportionate,painlessly
disprove,palatial
disputable,pamper
dispute,pampered
disputed,pamperedly
disquiet,pamperedness
disquieting,pampers
disquietingly,panoramic
disquietude,paradise
disregard,paramount
disregardful,pardon
disreputable,passion
disrepute,passionate
disrespect,passionately
disrespectable,patience
disrespectablity,patient
disrespectful,patiently
disrespectfully,patriot
disrespectfulness,patriotic
disrespecting,peace
disrupt,peaceable
disruption,peaceful
disruptive,peacefully
diss,peacekeepers
dissapointed,peach
dissappointed,peerless
dissappointing,pep
dissatisfaction,pepped
dissatisfactory,pepping
dissatisfied,peppy
dissatisfies,peps
dissatisfy,perfect
dissatisfying,perfection
dissed,perfectly
dissemble,permissible
dissembler,perseverance
dissension,persevere
dissent,personages
dissenter,personalized
dissention,phenomenal
disservice,phenomenally
disses,picturesque
dissidence,piety
dissident,pinnacle
dissidents,playful
dissing,playfully
dissocial,pleasant
dissolute,pleasantly
dissolution,pleased
dissonance,pleases
dissonant,pleasing
dissonantly,pleasingly
dissuade,pleasurable
dissuasive,pleasurably
distains,pleasure
distaste,plentiful
distasteful,pluses
distastefully,plush
distort,plusses
distorted,poetic
distortion,poeticize
distorts,poignant
distract,poise
distracting,poised
distraction,polished
distraught,polite
distraughtly,politeness
distraughtness,popular
distress,portable
distressed,posh
distressing,positive
distressingly,positively
distrust,positives
distrustful,powerful
distrusting,powerfully
disturb,praise
disturbance,praiseworthy
disturbed,praising
disturbing,pre-eminent
disturbingly,precious
disunity,precise
disvalue,precisely
divergent,preeminent
divisive,prefer
divisively,preferable
divisiveness,preferably
dizzing,prefered
dizzingly,preferes
dizzy,preferring
doddering,prefers
dodgey,premier
dogged,prestige
doggedly,prestigious
dogmatic,prettily
doldrums,pretty
domineer,priceless
domineering,pride
donside,principled
doom,privilege
doomed,privileged
doomsday,prize
dope,proactive
doubt,problem-free
doubtful,problem-solver
doubtfully,prodigious
doubts,prodigiously
douchbag,prodigy
douchebag,productive
douchebags,productively
downbeat,proficient
downcast,proficiently
downer,profound
downfall,profoundly
downfallen,profuse
downgrade,profusion
downhearted,progress
downheartedly,progressive
downhill,prolific
downside,prominence
downsides,prominent
downturn,promise
downturns,promised
drab,promises
draconian,promising
draconic,promoter
drag,prompt
dragged,promptly
dragging,proper
dragoon,properly
drags,propitious
drain,propitiously
drained,pros
draining,prosper
drains,prosperity
drastic,prosperous
drastically,prospros
drawback,protect
drawbacks,protection
dread,protective
dreadful,proud
dreadfully,proven
dreadfulness,proves
dreary,providence
dripped,proving
dripping,prowess
drippy,prudence
drips,prudent
drones,prudently
droop,punctual
droops,pure
drop-out,purify
drop-outs,purposeful
dropout,quaint
dropouts,qualified
drought,qualify
drowning,quicker
drunk,quiet
drunkard,quieter
drunken,radiance
dubious,radiant
dubiously,rapid
dubitable,rapport
dud,rapt
dull,rapture
dullard,raptureous
dumb,raptureously
dumbfound,rapturous
dump,rapturously
dumped,rational
dumping,razor-sharp
dumps,reachable
dunce,readable
dungeon,readily
dungeons,ready
dupe,reaffirm
dust,reaffirmation
dusty,realistic
dwindling,realizable
dying,reasonable
earsplitting,reasonably
eccentric,reasoned
eccentricity,reassurance
effigy,reassure
effrontery,receptive
egocentric,reclaim
egomania,recomend
egotism,recommend
egotistical,recommendation
egotistically,recommendations
egregious,recommended
egregiously,reconcile
election-rigger,reconciliation
elimination,record-setting
emaciated,recover
emasculate,recovery
embarrass,rectification
embarrassing,rectify
embarrassingly,rectifying
embarrassment,redeem
embattled,redeeming
embroil,redemption
embroiled,refine
embroilment,refined
emergency,refinement
emphatic,reform
emphatically,reformed
emptiness,reforming
encroach,reforms
encroachment,refresh
endanger,refreshed
enemies,refreshing
enemy,refund
enervate,refunded
enfeeble,regal
enflame,regally
engulf,regard
enjoin,rejoice
enmity,rejoicing
enrage,rejoicingly
enraged,rejuvenate
enraging,rejuvenated
enslave,rejuvenating
entangle,relaxed
entanglement,relent
entrap,reliable
entrapment,reliably
envious,relief
enviously,relish
enviousness,remarkable
epidemic,remarkably
equivocal,remedy
erase,remission
erode,remunerate
erodes,renaissance
erosion,renewed
err,renown
errant,renowned
erratic,replaceable
erratically,reputable
erroneous,reputation
erroneously,resilient
error,resolute
errors,resound
eruptions,resounding
escapade,resourceful
eschew,resourcefulness
estranged,respect
evade,respectable
evasion,respectful
evasive,respectfully
evil,respite
evildoer,resplendent
evils,responsibly
eviscerate,responsive
exacerbate,restful
exagerate,restored
exagerated,restructure
exagerates,restructured
exaggerate,restructuring
exaggeration,retractable
exasperate,revel
exasperated,revelation
exasperating,revere
exasperatingly,reverence
exasperation,reverent
excessive,reverently
excessively,revitalize
exclusion,revival
excoriate,revive
excruciating,revives
excruciatingly,revolutionary
excuse,revolutionize
excuses,revolutionized
execrate,revolutionizes
exhaust,reward
exhausted,rewarding
exhaustion,rewardingly
exhausts,rich
exhorbitant,richer
exhort,richly
exile,richness
exorbitant,right
exorbitantance,righten
exorbitantly,righteous
expel,righteously
expensive,righteousness
expire,rightful
expired,rightfully
explode,rightly
exploit,rightness
exploitation,risk-free
explosive,robust
expropriate,rock-star
expropriation,rock-stars
expulse,rockstar
expunge,rockstars
exterminate,romantic
extermination,romantically
extinguish,romanticize
extort,roomier
extortion,roomy
extraneous,rosy
extravagance,safe
extravagant,safely
extravagantly,sagacity
extremism,sagely
extremist,saint
extremists,saintliness
eyesore,saintly
f**k,salutary
fabricate,salute
fabrication,sane
facetious,satisfactorily
facetiously,satisfactory
fail,satisfied
failed,satisfies
failing,satisfy
fails,satisfying
failure,satisified
failures,saver
faint,savings
fainthearted,savior
faithless,savvy
fake,scenic
fall,seamless
fallacies,seasoned
fallacious,secure
fallaciously,securely
fallaciousness,selective
fallacy,self-determination
fallen,self-respect
falling,self-satisfaction
fallout,self-sufficiency
falls,self-sufficient
FALSE,sensation
falsehood,sensational
falsely,sensationally
falsify,sensations
falter,sensible
faltered,sensibly
famine,sensitive
famished,serene
fanatic,serenity
fanatical,sexy
fanatically,sharp
fanaticism,sharper
fanatics,sharpest
fanciful,shimmering
far-fetched,shimmeringly
farce,shine
farcical,shiny
farcical-yet-provocative,significant
farcically,silent
farfetched,simpler
fascism,simplest
fascist,simplified
fastidious,simplifies
fastidiously,simplify
fastuous,simplifying
fat,sincere
fat-cat,sincerely
fat-cats,sincerity
fatal,skill
fatalistic,skilled
fatalistically,skillful
fatally,skillfully
fatcat,slammin
fatcats,sleek
fateful,slick
fatefully,smart
fathomless,smarter
fatigue,smartest
fatigued,smartly
fatique,smile
fatty,smiles
fatuity,smiling
fatuous,smilingly
fatuously,smitten
fault,smooth
faults,smoother
faulty,smoothes
fawningly,smoothest
faze,smoothly
fear,snappy
fearful,snazzy
fearfully,sociable
fears,soft
fearsome,softer
feckless,solace
feeble,solicitous
feeblely,solicitously
feebleminded,solid
feign,solidarity
feint,soothe
fell,soothingly
felon,sophisticated
felonious,soulful
ferociously,soundly
ferocity,soundness
fetid,spacious
fever,sparkle
feverish,sparkling
fevers,spectacular
fiasco,spectacularly
fib,speedily
fibber,speedy
fickle,spellbind
fiction,spellbinding
fictional,spellbindingly
fictitious,spellbound
fidget,spirited
fidgety,spiritual
fiend,splendid
fiendish,splendidly
fierce,splendor
figurehead,spontaneous
filth,sporty
filthy,spotless
finagle,sprightly
finicky,stability
fissures,stabilize
fist,stable
flabbergast,stainless
flabbergasted,standout
flagging,state-of-the-art
flagrant,stately
flagrantly,statuesque
flair,staunch
flairs,staunchly
flak,staunchness
flake,steadfast
flakey,steadfastly
flakieness,steadfastness
flaking,steadiest
flaky,steadiness
flare,steady
flares,stellar
flareup,stellarly
flareups,stimulate
flat-out,stimulates
flaunt,stimulating
flaw,stimulative
flawed,stirringly
flaws,straighten
flee,straightforward
fleed,streamlined
fleeing,striking
fleer,strikingly
flees,striving
fleeting,strong
flicering,stronger
flicker,strongest
flickering,stunned
flickers,stunning
flighty,stunningly
flimflam,stupendous
flimsy,stupendously
flirt,sturdier
flirty,sturdy
floored,stylish
flounder,stylishly
floundering,stylized
flout,suave
fluster,suavely
foe,sublime
fool,subsidize
fooled,subsidized
foolhardy,subsidizes
foolish,subsidizing
foolishly,substantive
foolishness,succeed
forbid,succeeded
forbidden,succeeding
forbidding,succeeds
forceful,succes
foreboding,success
forebodingly,successes
forfeit,successful
forged,successfully
forgetful,suffice
forgetfully,sufficed
forgetfulness,suffices
forlorn,sufficient
forlornly,sufficiently
forsake,suitable
forsaken,sumptuous
forswear,sumptuously
foul,sumptuousness
foully,super
foulness,superb
fractious,superbly
fractiously,superior
fracture,superiority
fragile,supple
fragmented,support
frail,supported
frantic,supporter
frantically,supporting
franticly,supportive
fraud,supports
fraudulent,supremacy
fraught,supreme
frazzle,supremely
frazzled,supurb
freak,supurbly
freaking,surmount
freakish,surpass
freakishly,surreal
freaks,survival
freeze,survivor
freezes,sustainability
freezing,sustainable
frenetic,swank
frenetically,swankier
frenzied,swankiest
frenzy,swanky
fret,sweeping
fretful,sweet
frets,sweeten
friction,sweetheart
frictions,sweetly
fried,sweetness
friggin,swift
frigging,swiftness
fright,talent
frighten,talented
frightening,talents
frighteningly,tantalize
frightful,tantalizing
frightfully,tantalizingly
frigid,tempt
frost,tempting
frown,temptingly
froze,tenacious
frozen,tenaciously
fruitless,tenacity
fruitlessly,tender
frustrate,tenderly
frustrated,terrific
frustrates,terrifically
frustrating,thank
frustratingly,thankful
frustration,thinner
frustrations,thoughtful
fuck,thoughtfully
fucking,thoughtfulness
fudge,thrift
fugitive,thrifty
full-blown,thrill
fulminate,thrilled
fumble,thrilling
fume,thrillingly
fumes,thrills
fundamentalism,thrive
funky,thriving
funnily,thumb-up
funny,thumbs-up
furious,tickle
furiously,tidy
furor,time-honored
fury,timely
fuss,tingle
fussy,titillate
fustigate,titillating
fusty,titillatingly
futile,togetherness
futilely,tolerable
futility,toll-free
fuzzy,top
gabble,top-notch
gaff,top-quality
gaffe,topnotch
gainsay,tops
gainsayer,tough
gall,tougher
galling,toughest
gallingly,traction
galls,tranquil
gangster,tranquility
gape,transparent
garbage,treasure
garish,tremendously
gasp,trendy
gauche,triumph
gaudy,triumphal
gawk,triumphant
gawky,triumphantly
geezer,trivially
genocide,trophy
get-rich,trouble-free
ghastly,trump
ghetto,trumpet
ghosting,trust
gibber,trusted
gibberish,trusting
gibe,trustingly
giddy,trustworthiness
gimmick,trustworthy
gimmicked,trusty
gimmicking,truthful
gimmicks,truthfully
gimmicky,truthfulness
glare,twinkly
glaringly,ultra-crisp
glib,unabashed
glibly,unabashedly
glitch,unaffected
glitches,unassailable
gloatingly,unbeatable
gloom,unbiased
gloomy,unbound
glower,uncomplicated
glum,unconditional
glut,undamaged
gnawing,undaunted
goad,understandable
goading,undisputable
god-awful,undisputably
goof,undisputed
goofy,unencumbered
goon,unequivocal
gossip,unequivocally
graceless,unfazed
gracelessly,unfettered
graft,unforgettable
grainy,unity
grapple,unlimited
grate,unmatched
grating,unparalleled
gravely,unquestionable
greasy,unquestionably
greed,unreal
greedy,unrestricted
grief,unrivaled
grievance,unselfish
grievances,unwavering
grieve,upbeat
grieving,upgradable
grievous,upgradeable
grievously,upgraded
grim,upheld
grimace,uphold
grind,uplift
gripe,uplifting
gripes,upliftingly
grisly,upliftment
gritty,upscale
gross,usable
grossly,useable
grotesque,useful
grouch,user-friendly
grouchy,user-replaceable
groundless,valiant
grouse,valiantly
growl,valor
grudge,valuable
grudges,variety
grudging,venerate
grudgingly,verifiable
gruesome,veritable
gruesomely,versatile
gruff,versatility
grumble,vibrant
grumpier,vibrantly
grumpiest,victorious
grumpily,victory
grumpish,viewable
grumpy,vigilance
guile,vigilant
guilt,virtue
guiltily,virtuous
guilty,virtuously
gullible,visionary
gutless,vivacious
gutter,vivid
hack,vouch
hacks,vouchsafe
haggard,warm
haggle,warmer
hairloss,warmhearted
halfhearted,warmly
halfheartedly,warmth
hallucinate,wealthy
hallucination,welcome
hamper,well
hampered,well-backlit
handicapped,well-balanced
hang,well-behaved
hangs,well-being
haphazard,well-bred
hapless,well-connected
harangue,well-educated
harass,well-established
harassed,well-informed
harasses,well-intentioned
harassment,well-known
harboring,well-made
harbors,well-managed
hard,well-mannered
hard-hit,well-positioned
hard-line,well-received
hard-liner,well-regarded
hardball,well-rounded
harden,well-run
hardened,well-wishers
hardheaded,wellbeing
hardhearted,whoa
hardliner,wholeheartedly
hardliners,wholesome
hardship,whooa
hardships,whoooa
harm,wieldy
harmed,willing
harmful,willingly
harms,willingness
harpy,win
harridan,windfall
harried,winnable
harrow,winner
harsh,winners
harshly,winning
hasseling,wins
hassle,wisdom
hassled,wise
hassles,wisely
haste,witty
hastily,won
hasty,wonder
hate,wonderful
hated,wonderfully
hateful,wonderous
hatefully,wonderously
hatefulness,wonders
hater,wondrous
haters,woo
hates,work
hating,workable
hatred,worked
haughtily,works
haughty,world-famous
haunt,worth
haunting,worth-while
havoc,worthiness
hawkish,worthwhile
haywire,worthy
hazard,wow
hazardous,wowed
haze,wowing
hazy,wows
head-aches,yay
headache,youthful
headaches,zeal
heartbreaker,zenith
heartbreaking,zest
heartbreakingly,zippy
heartless,yes
heathen,
heavy-handed,
heavyhearted,
heck,
heckle,
heckled,
heckles,
hectic,
hedge,
hedonistic,
heedless,
hefty,
hegemonism,
hegemonistic,
hegemony,
heinous,
hell,
hell-bent,
hellion,
hells,
helpless,
helplessly,
helplessness,
heresy,
heretic,
heretical,
hesitant,
hestitant,
hideous,
hideously,
hideousness,
high-priced,
hiliarious,
hinder,
hindrance,
hiss,
hissed,
hissing,
ho-hum,
hoard,
hoax,
hobble,
hogs,
hollow,
hoodium,
hoodwink,
hooligan,
hopeless,
hopelessly,
hopelessness,
horde,
horrendous,
horrendously,
horrible,
horrid,
horrific,
horrified,
horrifies,
horrify,
horrifying,
horrifys,
hostage,
hostile,
hostilities,
hostility,
hotbeds,
hothead,
hotheaded,
hothouse,
hubris,
huckster,
hum,
humid,
humiliate,
humiliating,
humiliation,
humming,
hung,
hurt,
hurted,
hurtful,
hurting,
hurts,
hustler,
hype,
hypocricy,
hypocrisy,
hypocrite,
hypocrites,
hypocritical,
hypocritically,
hysteria,
hysteric,
hysterical,
hysterically,
hysterics,
idiocies,
idiocy,
idiot,
idiotic,
idiotically,
idiots,
idle,
ignoble,
ignominious,
ignominiously,
ignominy,
ignorance,
ignorant,
ignore,
ill-advised,
ill-conceived,
ill-defined,
ill-designed,
ill-fated,
ill-favored,
ill-formed,
ill-mannered,
ill-natured,
ill-sorted,
ill-tempered,
ill-treated,
ill-treatment,
ill-usage,
ill-used,
illegal,
illegally,
illegitimate,
illicit,
illiterate,
illness,
illogic,
illogical,
illogically,
illusion,
illusions,
illusory,
imaginary,
imbalance,
imbecile,
imbroglio,
immaterial,
immature,
imminence,
imminently,
immobilized,
immoderate,
immoderately,
immodest,
immoral,
immorality,
immorally,
immovable,
impair,
impaired,
impasse,
impatience,
impatient,
impatiently,
impeach,
impedance,
impede,
impediment,
impending,
impenitent,
imperfect,
imperfection,
imperfections,
imperfectly,
imperialist,
imperil,
imperious,
imperiously,
impermissible,
impersonal,
impertinent,
impetuous,
impetuously,
impiety,
impinge,
impious,
implacable,
implausible,
implausibly,
implicate,
implication,
implode,
impolite,
impolitely,
impolitic,
importunate,
importune,
impose,
imposers,
imposing,
imposition,
impossible,
impossiblity,
impossibly,
impotent,
impoverish,
impoverished,
impractical,
imprecate,
imprecise,
imprecisely,
imprecision,
imprison,
imprisonment,
improbability,
improbable,
improbably,
improper,
improperly,
impropriety,
imprudence,
imprudent,
impudence,
impudent,
impudently,
impugn,
impulsive,
impulsively,
impunity,
impure,
impurity,
inability,
inaccuracies,
inaccuracy,
inaccurate,
inaccurately,
inaction,
inactive,
inadequacy,
inadequate,
inadequately,
inadverent,
inadverently,
inadvisable,
inadvisably,
inane,
inanely,
inappropriate,
inappropriately,
inapt,
inaptitude,
inarticulate,
inattentive,
inaudible,
incapable,
incapably,
incautious,
incendiary,
incense,
incessant,
incessantly,
incite,
incitement,
incivility,
inclement,
incognizant,
incoherence,
incoherent,
incoherently,
incommensurate,
incomparable,
incomparably,
incompatability,
incompatibility,
incompatible,
incompetence,
incompetent,
incompetently,
incomplete,
incompliant,
incomprehensible,
incomprehension,
inconceivable,
inconceivably,
incongruous,
incongruously,
inconsequent,
inconsequential,
inconsequentially,
inconsequently,
inconsiderate,
inconsiderately,
inconsistence,
inconsistencies,
inconsistency,
inconsistent,
inconsolable,
inconsolably,
inconstant,
inconvenience,
inconveniently,
incorrect,
incorrectly,
incorrigible,
incorrigibly,
incredulous,
incredulously,
inculcate,
indecency,
indecent,
indecently,
indecision,
indecisive,
indecisively,
indecorum,
indefensible,
indelicate,
indeterminable,
indeterminably,
indeterminate,
indifference,
indifferent,
indigent,
indignant,
indignantly,
indignation,
indignity,
indiscernible,
indiscreet,
indiscreetly,
indiscretion,
indiscriminate,
indiscriminately,
indiscriminating,
indistinguishable,
indoctrinate,
indoctrination,
indolent,
indulge,
ineffective,
ineffectively,
ineffectiveness,
ineffectual,
ineffectually,
ineffectualness,
inefficacious,
inefficacy,
inefficiency,
inefficient,
inefficiently,
inelegance,
inelegant,
ineligible,
ineloquent,
ineloquently,
inept,
ineptitude,
ineptly,
inequalities,
inequality,
inequitable,
inequitably,
inequities,
inescapable,
inescapably,
inessential,
inevitable,
inevitably,
inexcusable,
inexcusably,
inexorable,
inexorably,
inexperience,
inexperienced,
inexpert,
inexpertly,
inexpiable,
inexplainable,
inextricable,
inextricably,
infamous,
infamously,
infamy,
infected,
infection,
infections,
inferior,
inferiority,
infernal,
infest,
infested,
infidel,
infidels,
infiltrator,
infiltrators,
infirm,
inflame,
inflammation,
inflammatory,
inflammed,
inflated,
inflationary,
inflexible,
inflict,
infraction,
infringe,
infringement,
infringements,
infuriate,
infuriated,
infuriating,
infuriatingly,
inglorious,
ingrate,
ingratitude,
inhibit,
inhibition,
inhospitable,
inhospitality,
inhuman,
inhumane,
inhumanity,
inimical,
inimically,
iniquitous,
iniquity,
injudicious,
injure,
injurious,
injury,
injustice,
injustices,
innuendo,
inoperable,
inopportune,
inordinate,
inordinately,
insane,
insanely,
insanity,
insatiable,
insecure,
insecurity,
insensible,
insensitive,
insensitively,
insensitivity,
insidious,
insidiously,
insignificance,
insignificant,
insignificantly,
insincere,
insincerely,
insincerity,
insinuate,
insinuating,
insinuation,
insociable,
insolence,
insolent,
insolently,
insolvent,
insouciance,
instability,
instable,
instigate,
instigator,
instigators,
insubordinate,
insubstantial,
insubstantially,
insufferable,
insufferably,
insufficiency,
insufficient,
insufficiently,
insular,
insult,
insulted,
insulting,
insultingly,
insults,
insupportable,
insupportably,
insurmountable,
insurmountably,
insurrection,
intefere,
inteferes,
intense,
interfere,
interference,
interferes,
intermittent,
interrupt,
interruption,
interruptions,
intimidate,
intimidating,
intimidatingly,
intimidation,
intolerable,
intolerablely,
intolerance,
intoxicate,
intractable,
intransigence,
intransigent,
intrude,
intrusion,
intrusive,
inundate,
inundated,
invader,
invalid,
invalidate,
invalidity,
invasive,
invective,
inveigle,
invidious,
invidiously,
invidiousness,
invisible,
involuntarily,
involuntary,
irascible,
irate,
irately,
ire,
irk,
irked,
irking,
irks,
irksome,
irksomely,
irksomeness,
irksomenesses,
ironic,
ironical,
ironically,
ironies,
irony,
irragularity,
irrational,
irrationalities,
irrationality,
irrationally,
irrationals,
irreconcilable,
irrecoverable,
irrecoverableness,
irrecoverablenesses,
irrecoverably,
irredeemable,
irredeemably,
irreformable,
irregular,
irregularity,
irrelevance,
irrelevant,
irreparable,
irreplacible,
irrepressible,
irresolute,
irresolvable,
irresponsible,
irresponsibly,
irretating,
irretrievable,
irreversible,
irritable,
irritably,
irritant,
irritate,
irritated,
irritating,
irritation,
irritations,
isolate,
isolated,
isolation,
issue,
issues,
itch,
itching,
itchy,
jabber,
jaded,
jagged,
jam,
jarring,
jaundiced,
jealous,
jealously,
jealousness,
jealousy,
jeer,
jeering,
jeeringly,
jeers,
jeopardize,
jeopardy,
jerk,
jerky,
jitter,
jitters,
jittery,
job-killing,
jobless,
joke,
joker,
jolt,
judder,
juddering,
judders,
jumpy,
junk,
junky,
junkyard,
jutter,
jutters,
kaput,
kill,
killed,
killer,
killing,
killjoy,
kills,
knave,
knife,
knock,
knotted,
kook,
kooky,
lack,
lackadaisical,
lacked,
lackey,
lackeys,
lacking,
lackluster,
lacks,
laconic,
lag,
lagged,
lagging,
laggy,
lags,
laid-off,
lambast,
lambaste,
lame,
lame-duck,
lament,
lamentable,
lamentably,
languid,
languish,
languor,
languorous,
languorously,
lanky,
lapse,
lapsed,
lapses,
lascivious,
last-ditch,
latency,
laughable,
laughably,
laughingstock,
lawbreaker,
lawbreaking,
lawless,
lawlessness,
layoff,
layoff-happy,
lazy,
leak,
leakage,
leakages,
leaking,
leaks,
leaky,
lech,
lecher,
lecherous,
lechery,
leech,
leer,
leery,
left-leaning,
lemon,
lengthy,
less-developed,
lesser-known,
letch,
lethal,
lethargic,
lethargy,
lewd,
lewdly,
lewdness,
liability,
liable,
liar,
liars,
licentious,
licentiously,
licentiousness,
lie,
lied,
lier,
lies,
life-threatening,
lifeless,
limit,
limitation,
limitations,
limited,
limits,
limp,
listless,
litigious,
little-known,
livid,
lividly,
loath,
loathe,
loathing,
loathly,
loathsome,
loathsomely,
lone,
loneliness,
lonely,
loner,
lonesome,
long-time,
long-winded,
longing,
longingly,
loophole,
loopholes,
loose,
loot,
lorn,
lose,
loser,
losers,
loses,
losing,
loss,
losses,
lost,
loud,
louder,
lousy,
loveless,
lovelorn,
low-rated,
lowly,
ludicrous,
ludicrously,
lugubrious,
lukewarm,
lull,
lumpy,
lunatic,
lunaticism,
lurch,
lure,
lurid,
lurk,
lurking,
lying,
macabre,
mad,
madden,
maddening,
maddeningly,
madder,
madly,
madman,
madness,
maladjusted,
maladjustment,
malady,
malaise,
malcontent,
malcontented,
maledict,
malevolence,
malevolent,
malevolently,
malice,
malicious,
maliciously,
maliciousness,
malign,
malignant,
malodorous,
maltreatment,
mangle,
mangled,
mangles,
mangling,
mania,
maniac,
maniacal,
manic,
manipulate,
manipulation,
manipulative,
manipulators,
mar,
marginal,
marginally,
martyrdom,
martyrdom-seeking,
mashed,
massacre,
massacres,
matte,
mawkish,
mawkishly,
mawkishness,
meager,
meaningless,
meanness,
measly,
meddle,
meddlesome,
mediocre,
mediocrity,
melancholy,
melodramatic,
melodramatically,
meltdown,
menace,
menacing,
menacingly,
mendacious,
mendacity,
menial,
merciless,
mercilessly,
mess,
messed,
messes,
messing,
messy,
midget,
miff,
militancy,
mindless,
mindlessly,
mirage,
mire,
misalign,
misaligned,
misaligns,
misapprehend,
misbecome,
misbecoming,
misbegotten,
misbehave,
misbehavior,
miscalculate,
miscalculation,
miscellaneous,
mischief,
mischievous,
mischievously,
misconception,
misconceptions,
miscreant,
miscreants,
misdirection,
miser,
miserable,
miserableness,
miserably,
miseries,
miserly,
misery,
misfit,
misfortune,
misgiving,
misgivings,
misguidance,
misguide,
misguided,
mishandle,
mishap,
misinform,
misinformed,
misinterpret,
misjudge,
misjudgment,
mislead,
misleading,
misleadingly,
mislike,
mismanage,
mispronounce,
mispronounced,
mispronounces,
misread,
misreading,
misrepresent,
misrepresentation,
miss,
missed,
misses,
misstatement,
mist,
mistake,
mistaken,
mistakenly,
mistakes,
mistified,
mistress,
mistrust,
mistrustful,
mistrustfully,
mists,
misunderstand,
misunderstanding,
misunderstandings,
misunderstood,
misuse,
moan,
mobster,
mock,
mocked,
mockeries,
mockery,
mocking,
mockingly,
mocks,
molest,
molestation,
monotonous,
monotony,
monster,
monstrosities,
monstrosity,
monstrous,
monstrously,
moody,
moot,
mope,
morbid,
morbidly,
mordant,
mordantly,
moribund,
moron,
moronic,
morons,
mortification,
mortified,
mortify,
mortifying,
motionless,
motley,
mourn,
mourner,
mournful,
mournfully,
muddle,
muddy,
mudslinger,
mudslinging,
mulish,
multi-polarization,
mundane,
murder,
murderer,
murderous,
murderously,
murky,
muscle-flexing,
mushy,
musty,
mysterious,
mysteriously,
mystery,
mystify,
myth,
nag,
nagging,
naive,
naively,
narrower,
nastily,
nastiness,
nasty,
naughty,
nauseate,
nauseates,
nauseating,
nauseatingly,
nave,
nebulous,
nebulously,
needless,
needlessly,
needy,
nefarious,
nefariously,
negate,
negation,
negative,
negatives,
negativity,
neglect,
neglected,
negligence,
negligent,
nemesis,
nepotism,
nervous,
nervously,
nervousness,
nettle,
nettlesome,
neurotic,
neurotically,
niggle,
niggles,
nightmare,
nightmarish,
nightmarishly,
nitpick,
nitpicking,
noise,
noises,
noisier,
noisy,
non-confidence,
nonexistent,
nonresponsive,
nonsense,
nosey,
notoriety,
notorious,
notoriously,
noxious,
nuisance,
numb,
obese,
object,
objection,
objectionable,
objections,
oblique,
obliterate,
obliterated,
oblivious,
obnoxious,
obnoxiously,
obscene,
obscenely,
obscenity,
obscure,
obscured,
obscures,
obscurity,
obsess,
obsessive,
obsessively,
obsessiveness,
obsolete,
obstacle,
obstinate,
obstinately,
obstruct,
obstructed,
obstructing,
obstruction,
obstructs,
obtrusive,
obtuse,
occlude,
occluded,
occludes,
occluding,
odd,
odder,
oddest,
oddities,
oddity,
oddly,
odor,
offence,
offend,
offender,
offending,
offenses,
offensive,
offensively,
offensiveness,
officious,
ominous,
ominously,
omission,
omit,
one-sided,
onerous,
onerously,
onslaught,
opinionated,
opponent,
opportunistic,
oppose,
opposition,
oppositions,
oppress,
oppression,
oppressive,
oppressively,
oppressiveness,
oppressors,
ordeal,
orphan,
ostracize,
outbreak,
outburst,
outbursts,
outcast,
outcry,
outlaw,
outmoded,
outrage,
outraged,
outrageous,
outrageously,
outrageousness,
outrages,
outsider,
over-acted,
over-awe,
over-balanced,
over-hyped,
over-priced,
over-valuation,
overact,
overacted,
overawe,
overbalance,
overbalanced,
overbearing,
overbearingly,
overblown,
overdo,
overdone,
overdue,
overemphasize,
overheat,
overkill,
overloaded,
overlook,
overpaid,
overpayed,
overplay,
overpower,
overpriced,
overrated,
overreach,
overrun,
overshadow,
oversight,
oversights,
oversimplification,
oversimplified,
oversimplify,
oversize,
overstate,
overstated,
overstatement,
overstatements,
overstates,
overtaxed,
overthrow,
overthrows,
overturn,
overweight,
overwhelm,
overwhelmed,
overwhelming,
overwhelmingly,
overwhelms,
overzealous,
overzealously,
overzelous,
pain,
painful,
painfull,
painfully,
pains,
pale,
pales,
paltry,
pan,
pandemonium,
pander,
pandering,
panders,
panic,
panick,
panicked,
panicking,
panicky,
paradoxical,
paradoxically,
paralize,
paralyzed,
paranoia,
paranoid,
parasite,
pariah,
parody,
partiality,
partisan,
partisans,
passe,
passive,
passiveness,
pathetic,
pathetically,
patronize,
paucity,
pauper,
paupers,
payback,
peculiar,
peculiarly,
pedantic,
peeled,
peeve,
peeved,
peevish,
peevishly,
penalize,
penalty,
perfidious,
perfidity,
perfunctory,
peril,
perilous,
perilously,
perish,
pernicious,
perplex,
perplexed,
perplexing,
perplexity,
persecute,
persecution,
pertinacious,
pertinaciously,
pertinacity,
perturb,
perturbed,
pervasive,
perverse,
perversely,
perversion,
perversity,
pervert,
perverted,
perverts,
pessimism,
pessimistic,
pessimistically,
pest,
pestilent,
petrified,
petrify,
pettifog,
petty,
phobia,
phobic,
phony,
picket,
picketed,
picketing,
pickets,
picky,
pig,
pigs,
pillage,
pillory,
pimple,
pinch,
pique,
pitiable,
pitiful,
pitifully,
pitiless,
pitilessly,
pittance,
pity,
plagiarize,
plague,
plasticky,
plaything,
plea,
pleas,
plebeian,
plight,
plot,
plotters,
ploy,
plunder,
plunderer,
pointless,
pointlessly,
poison,
poisonous,
poisonously,
pokey,
poky,
polarisation,
polemize,
pollute,
polluter,
polluters,
polution,
pompous,
poor,
poorer,
poorest,
poorly,
posturing,
pout,
poverty,
powerless,
prate,
pratfall,
prattle,
precarious,
precariously,
precipitate,
precipitous,
predatory,
predicament,
prejudge,
prejudice,
prejudices,
prejudicial,
premeditated,
preoccupy,
preposterous,
preposterously,
presumptuous,
presumptuously,
pretence,
pretend,
pretense,
pretentious,
pretentiously,
prevaricate,
pricey,
pricier,
prick,
prickle,
prickles,
prideful,
prik,
primitive,
prison,
prisoner,
problem,
problematic,
problems,
procrastinate,
procrastinates,
procrastination,
profane,
profanity,
prohibit,
prohibitive,
prohibitively,
propaganda,
propagandize,
proprietary,
prosecute,
protest,
protested,
protesting,
protests,
protracted,
provocation,
provocative,
provoke,
pry,
pugnacious,
pugnaciously,
pugnacity,
punch,
punish,
punishable,
punitive,
punk,
puny,
puppet,
puppets,
puzzled,
puzzlement,
puzzling,
quack,
qualm,
qualms,
quandary,
quarrel,
quarrellous,
quarrellously,
quarrels,
quarrelsome,
quash,
queer,
questionable,
quibble,
quibbles,
quitter,
rabid,
racism,
racist,
racists,
racy,
radical,
radicalization,
radically,
radicals,
rage,
ragged,
raging,
rail,
raked,
rampage,
rampant,
ramshackle,
rancor,
randomly,
rankle,
rant,
ranted,
ranting,
rantingly,
rants,
rape,
raped,
raping,
rascal,
rascals,
rash,
rattle,
rattled,
rattles,
ravage,
raving,
reactionary,
rebellious,
rebuff,
rebuke,
recalcitrant,
recant,
recession,
recessionary,
reckless,
recklessly,
recklessness,
recoil,
recourses,
redundancy,
redundant,
refusal,
refuse,
refused,
refuses,
refusing,
refutation,
refute,
refuted,
refutes,
refuting,
regress,
regression,
regressive,
regret,
regreted,
regretful,
regretfully,
regrets,
regrettable,
regrettably,
regretted,
reject,
rejected,
rejecting,
rejection,
rejects,
relapse,
relentless,
relentlessly,
relentlessness,
reluctance,
reluctant,
reluctantly,
remorse,
remorseful,
remorsefully,
remorseless,
remorselessly,
remorselessness,
renounce,
renunciation,
repel,
repetitive,
reprehensible,
reprehensibly,
reprehension,
reprehensive,
repress,
repression,
repressive,
reprimand,
reproach,
reproachful,
reprove,
reprovingly,
repudiate,
repudiation,
repugn,
repugnance,
repugnant,
repugnantly,
repulse,
repulsed,
repulsing,
repulsive,
repulsively,
repulsiveness,
resent,
resentful,
resentment,
resignation,
resigned,
resistance,
restless,
restlessness,
restrict,
restricted,
restriction,
restrictive,
resurgent,
retaliate,
retaliatory,
retard,
retarded,
retardedness,
retards,
reticent,
retract,
retreat,
retreated,
revenge,
revengeful,
revengefully,
revert,
revile,
reviled,
revoke,
revolt,
revolting,
revoltingly,
revulsion,
revulsive,
rhapsodize,
rhetoric,
rhetorical,
ricer,
ridicule,
ridicules,
ridiculous,
ridiculously,
rife,
rift,
rifts,
rigid,
rigidity,
rigidness,
rile,
riled,
rip,
rip-off,
ripoff,
ripped,
risk,
risks,
risky,
rival,
rivalry,
roadblocks,
rocky,
rogue,
rollercoaster,
rot,
rotten,
rough,
rremediable,
rubbish,
rude,
rue,
ruffian,
ruffle,
ruin,
ruined,
ruining,
ruinous,
ruins,
rumbling,
rumor,
rumors,
rumours,
rumple,
run-down,
runaway,
rupture,
rust,
rusts,
rusty,
rut,
ruthless,
ruthlessly,
ruthlessness,
ruts,
sabotage,
sack,
sacrificed,
sad,
sadden,
sadly,
sadness,
sag,
sagged,
sagging,
saggy,
sags,
salacious,
sanctimonious,
sap,
sarcasm,
sarcastic,
sarcastically,
sardonic,
sardonically,
sass,
satirical,
satirize,
savage,
savaged,
savagery,
savages,
scaly,
scam,
scams,
scandal,
scandalize,
scandalized,
scandalous,
scandalously,
scandals,
scandel,
scandels,
scant,
scapegoat,
scar,
scarce,
scarcely,
scarcity,
scare,
scared,
scarier,
scariest,
scarily,
scarred,
scars,
scary,
scathing,
scathingly,
sceptical,
scoff,
scoffingly,
scold,
scolded,
scolding,
scoldingly,
scorching,
scorchingly,
scorn,
scornful,
scornfully,
scoundrel,
scourge,
scowl,
scramble,
scrambled,
scrambles,
scrambling,
scrap,
scratch,
scratched,
scratches,
scratchy,
scream,
screech,
screw-up,
screwed,
screwed-up,
screwy,
scuff,
scuffs,
scum,
scummy,
second-class,
second-tier,
secretive,
sedentary,
seedy,
seethe,
seething,
self-coup,
self-criticism,
self-defeating,
self-destructive,
self-humiliation,
self-interest,
self-interested,
self-serving,
selfinterested,
selfish,
selfishly,
selfishness,
semi-retarded,
senile,
sensationalize,
senseless,
senselessly,
seriousness,
sermonize,
servitude,
set-up,
setback,
setbacks,
sever,
severe,
severity,
sh*t,
shabby,
shadowy,
shady,
shake,
shaky,
shallow,
sham,
shambles,
shame,
shameful,
shamefully,
shamefulness,
shameless,
shamelessly,
shamelessness,
shark,
sharply,
shatter,
shemale,
shimmer,
shimmy,
shipwreck,
shirk,
shirker,
shit,
shiver,
shock,
shocked,
shocking,
shockingly,
shoddy,
short-lived,
shortage,
shortchange,
shortcoming,
shortcomings,
shortness,
shortsighted,
shortsightedness,
showdown,
shrew,
shriek,
shrill,
shrilly,
shrivel,
shroud,
shrouded,
shrug,
shun,
shunned,
sick,
sicken,
sickening,
sickeningly,
sickly,
sickness,
sidetrack,
sidetracked,
siege,
sillily,
silly,
simplistic,
simplistically,
sin,
sinful,
sinfully,
sinister,
sinisterly,
sink,
sinking,
skeletons,
skeptic,
skeptical,
skeptically,
skepticism,
sketchy,
skimpy,
skinny,
skittish,
skittishly,
skulk,
slack,
slander,
slanderer,
slanderous,
slanderously,
slanders,
slap,
slashing,
slaughter,
slaughtered,
slave,
slaves,
sleazy,
slime,
slog,
slogged,
slogging,
slogs,
sloooooooooooooow,
sloooow,
slooow,
sloow,
sloppily,
sloppy,
sloth,
slothful,
slow,
slow-moving,
slowed,
slower,
slowest,
slowly,
sloww,
slowww,
slowwww,
slug,
sluggish,
slump,
slumping,
slumpping,
slur,
slut,
sluts,
sly,
smack,
smallish,
smash,
smear,
smell,
smelled,
smelling,
smells,
smelly,
smelt,
smoke,
smokescreen,
smolder,
smoldering,
smother,
smoulder,
smouldering,
smudge,
smudged,
smudges,
smudging,
smug,
smugly,
smut,
smuttier,
smuttiest,
smutty,
snag,
snagged,
snagging,
snags,
snappish,
snappishly,
snare,
snarky,
snarl,
sneak,
sneakily,
sneaky,
sneer,
sneering,
sneeringly,
snob,
snobbish,
snobby,
snobish,
snobs,
snub,
so-cal,
soapy,
sob,
sober,
sobering,
solemn,
solicitude,
somber,
sore,
sorely,
soreness,
sorrow,
sorrowful,
sorrowfully,
sorry,
sour,
sourly,
spade,
spank,
spendy,
spew,
spewed,
spewing,
spews,
spilling,
spinster,
spiritless,
spite,
spiteful,
spitefully,
spitefulness,
splatter,
split,
splitting,
spoil,
spoilage,
spoilages,
spoiled,
spoilled,
spoils,
spook,
spookier,
spookiest,
spookily,
spooky,
spoon-fed,
spoon-feed,
spoonfed,
sporadic,
spotty,
spurious,
spurn,
sputter,
squabble,
squabbling,
squander,
squash,
squeak,
squeaks,
squeaky,
squeal,
squealing,
squeals,
squirm,
stab,
stagnant,
stagnate,
stagnation,
staid,
stain,
stains,
stale,
stalemate,
stall,
stalls,
stammer,
stampede,
standstill,
stark,
starkly,
startle,
startling,
startlingly,
starvation,
starve,
static,
steal,
stealing,
steals,
steep,
steeply,
stench,
stereotype,
stereotypical,
stereotypically,
stern,
stew,
sticky,
stiff,
stiffness,
stifle,
stifling,
stiflingly,
stigma,
stigmatize,
sting,
stinging,
stingingly,
stingy,
stink,
stinks,
stodgy,
stole,
stolen,
stooge,
stooges,
stormy,
straggle,
straggler,
strain,
strained,
straining,
strange,
strangely,
stranger,
strangest,
strangle,
streaky,
strenuous,
stress,
stresses,
stressful,
stressfully,
stricken,
strict,
strictly,
strident,
stridently,
strife,
strike,
stringent,
stringently,
struck,
struggle,
struggled,
struggles,
struggling,
strut,
stubborn,
stubbornly,
stubbornness,
stuck,
stuffy,
stumble,
stumbled,
stumbles,
stump,
stumped,
stumps,
stun,
stunt,
stunted,
stupid,
stupidest,
stupidity,
stupidly,
stupified,
stupify,
stupor,
stutter,
stuttered,
stuttering,
stutters,
sty,
stymied,
sub-par,
subdued,
subjected,
subjection,
subjugate,
subjugation,
submissive,
subordinate,
subpoena,
subpoenas,
subservience,
subservient,
substandard,
subtract,
subversion,
subversive,
subversively,
subvert,
succumb,
suck,
sucked,
sucker,
sucks,
sucky,
sue,
sued,
sueing,
sues,
suffer,
suffered,
sufferer,
sufferers,
suffering,
suffers,
suffocate,
sugar-coat,
sugar-coated,
sugarcoated,
suicidal,
suicide,
sulk,
sullen,
sully,
sunder,
sunk,
sunken,
superficial,
superficiality,
superficially,
superfluous,
superstition,
superstitious,
suppress,
suppression,
surrender,
susceptible,
suspect,
suspicion,
suspicions,
suspicious,
suspiciously,
swagger,
swamped,
sweaty,
swelled,
swelling,
swindle,
swipe,
swollen,
symptom,
symptoms,
syndrome,
taboo,
tacky,
taint,
tainted,
tamper,
tangle,
tangled,
tangles,
tank,
tanked,
tanks,
tantrum,
tardy,
tarnish,
tarnished,
tarnishes,
tarnishing,
tattered,
taunt,
taunting,
tauntingly,
taunts,
taut,
tawdry,
taxing,
tease,
teasingly,
tedious,
tediously,
temerity,
temper,
tempest,
temptation,
tenderness,
tense,
tension,
tentative,
tentatively,
tenuous,
tenuously,
tepid,
terrible,
terribleness,
terribly,
terror,
terror-genic,
terrorism,
terrorize,
testily,
testy,
tetchily,
tetchy,
thankless,
thicker,
thirst,
thorny,
thoughtless,
thoughtlessly,
thoughtlessness,
thrash,
threat,
threaten,
threatening,
threats,
threesome,
throb,
throbbed,
throbbing,
throbs,
throttle,
thug,
thumb-down,
thumbs-down,
thwart,
time-consuming,
timid,
timidity,
timidly,
timidness,
tin-y,
tingled,
tingling,
tired,
tiresome,
tiring,
tiringly,
toil,
toll,
top-heavy,
topple,
torment,
tormented,
torrent,
tortuous,
torture,
tortured,
tortures,
torturing,
torturous,
torturously,
totalitarian,
touchy,
toughness,
tout,
touted,
touts,
toxic,
traduce,
tragedy,
tragic,
tragically,
traitor,
traitorous,
traitorously,
tramp,
trample,
transgress,
transgression,
trap,
traped,
trapped,
trash,
trashed,
trashy,
trauma,
traumatic,
traumatically,
traumatize,
traumatized,
travesties,
travesty,
treacherous,
treacherously,
treachery,
treason,
treasonous,
trick,
tricked,
trickery,
tricky,
trivial,
trivialize,
trouble,
troubled,
troublemaker,
troubles,
troublesome,
troublesomely,
troubling,
troublingly,
truant,
tumble,
tumbled,
tumbles,
tumultuous,
turbulent,
turmoil,
twist,
twisted,
twists,
two-faced,
two-faces,
tyrannical,
tyrannically,
tyranny,
tyrant,
ugh,
uglier,
ugliest,
ugliness,
ugly,
ulterior,
ultimatum,
ultimatums,
ultra-hardline,
un-viewable,
unable,
unacceptable,
unacceptablely,
unacceptably,
unaccessible,
unaccustomed,
unachievable,
unaffordable,
unappealing,
unattractive,
unauthentic,
unavailable,
unavoidably,
unbearable,
unbearablely,
unbelievable,
unbelievably,
uncaring,
uncertain,
uncivil,
uncivilized,
unclean,
unclear,
uncollectible,
uncomfortable,
uncomfortably,
uncomfy,
uncompetitive,
uncompromising,
uncompromisingly,
unconfirmed,
unconstitutional,
uncontrolled,
unconvincing,
unconvincingly,
uncooperative,
uncouth,
uncreative,
undecided,
undefined,
undependability,
undependable,
undercut,
undercuts,
undercutting,
underdog,
underestimate,
underlings,
undermine,
undermined,
undermines,
undermining,
underpaid,
underpowered,
undersized,
undesirable,
undetermined,
undid,
undignified,
undissolved,
undocumented,
undone,
undue,
unease,
uneasily,
uneasiness,
uneasy,
uneconomical,
unemployed,
unequal,
unethical,
uneven,
uneventful,
unexpected,
unexpectedly,
unexplained,
unfairly,
unfaithful,
unfaithfully,
unfamiliar,
unfavorable,
unfeeling,
unfinished,
unfit,
unforeseen,
unforgiving,
unfortunate,
unfortunately,
unfounded,
unfriendly,
unfulfilled,
unfunded,
ungovernable,
ungrateful,
unhappily,
unhappiness,
unhappy,
unhealthy,
unhelpful,
unilateralism,
unimaginable,
unimaginably,
unimportant,
uninformed,
uninsured,
unintelligible,
unintelligile,
unipolar,
unjust,
unjustifiable,
unjustifiably,
unjustified,
unjustly,
unkind,
unkindly,
unknown,
unlamentable,
unlamentably,
unlawful,
unlawfully,
unlawfulness,
unleash,
unlicensed,
unlikely,
unlucky,
unmoved,
unnatural,
unnaturally,
unnecessary,
unneeded,
unnerve,
unnerved,
unnerving,
unnervingly,
unnoticed,
unobserved,
unorthodox,
unorthodoxy,
unpleasant,
unpleasantries,
unpopular,
unpredictable,
unprepared,
unproductive,
unprofitable,
unprove,
unproved,
unproven,
unproves,
unproving,
unqualified,
unravel,
unraveled,
unreachable,
unreadable,
unrealistic,
unreasonable,
unreasonably,
unrelenting,
unrelentingly,
unreliability,
unreliable,
unresolved,
unresponsive,
unrest,
unruly,
unsafe,
unsatisfactory,
unsavory,
unscrupulous,
unscrupulously,
unsecure,
unseemly,
unsettle,
unsettled,
unsettling,
unsettlingly,
unskilled,
unsophisticated,
unsound,
unspeakable,
unspeakablely,
unspecified,
unstable,
unsteadily,
unsteadiness,
unsteady,
unsuccessful,
unsuccessfully,
unsupported,
unsupportive,
unsure,
unsuspecting,
unsustainable,
untenable,
untested,
unthinkable,
unthinkably,
untimely,
untouched,
untrue,
untrustworthy,
untruthful,
unusable,
unusably,
unuseable,
unuseably,
unusual,
unusually,
unviewable,
unwanted,
unwarranted,
unwatchable,
unwelcome,
unwell,
unwieldy,
unwilling,
unwillingly,
unwillingness,
unwise,
unwisely,
unworkable,
unworthy,
unyielding,
upbraid,
upheaval,
uprising,
uproar,
uproarious,
uproariously,
uproarous,
uproarously,
uproot,
upset,
upseting,
upsets,
upsetting,
upsettingly,
urgent,
useless,
usurp,
usurper,
utterly,
vagrant,
vague,
vagueness,
vain,
vainly,
vanity,
vehement,
vehemently,
vengeance,
vengeful,
vengefully,
vengefulness,
venom,
venomous,
venomously,
vent,
vestiges,
vex,
vexation,
vexing,
vexingly,
vibrate,
vibrated,
vibrates,
vibrating,
vibration,
vice,
vicious,
viciously,
viciousness,
victimize,
vile,
vileness,
vilify,
villainous,
villainously,
villains,
villian,
villianous,
villianously,
villify,
vindictive,
vindictively,
vindictiveness,
violate,
violation,
violator,
violators,
violent,
violently,
viper,
virulence,
virulent,
virulently,
virus,
vociferous,
vociferously,
volatile,
volatility,
vomit,
vomited,
vomiting,
vomits,
vulgar,
vulnerable,
wack,
wail,
wallow,
wane,
waning,
wanton,
war-like,
warily,
wariness,
warlike,
warned,
warning,
warp,
warped,
wary,
washed-out,
waste,
wasted,
wasteful,
wastefulness,
wasting,
water-down,
watered-down,
wayward,
weak,
weaken,
weakening,
weaker,
weakness,
weaknesses,
weariness,
wearisome,
weary,
wedge,
weed,
weep,
weird,
weirdly,
wheedle,
whimper,
whine,
whining,
whiny,
whips,
whore,
whores,
wicked,
wickedly,
wickedness,
wild,
wildly,
wiles,
wilt,
wily,
wimpy,
wince,
wobble,
wobbled,
wobbles,
woe,
woebegone,
woeful,
woefully,
womanizer,
womanizing,
worn,
worried,
worriedly,
worrier,
worries,
worrisome,
worry,
worrying,
worryingly,
worse,
worsen,
worsening,
worst,
worthless,
worthlessly,
worthlessness,
wound,
wounds,
wrangle,
wrath,
wreak,
wreaked,
wreaks,
wreck,
wrest,
wrestle,
wretch,
wretched,
wretchedly,
wretchedness,
wrinkle,
wrinkled,
wrinkles,
wrip,
wripped,
wripping,
writhe,
wrong,
wrongful,
wrongly,
wrought,
yawn,
zap,
zapped,
zaps,
zealot,
zealous,
zealously,
zombie,
no,